Workbook

Sheet Sheet2
A3: country | B3: Average of order_total
A4: uk | B4: 94.271053
A5: direct | B5: 52.25
A6: email | B6: 98.214286
A7: organic | B7: 145.66667
A8: paid_search | B8: 186.575 | C8: order date | D8: Sum of order_total
A9: social | B9: -118.2 | C9: 01/13/2026 | D9: 387
A10: France | B10: 100.86591 | C10: refunded | D10: 387
A11: direct | B11: 70.5 | C11: 01-02-2026 | D11: 447
A12: email | B12: 163 | C12: completed | D12: 447
A13: organic | B13: 29.42 | C13: 01-03-2026 | D13: -22.35
A14: paid_search | B14: 138.04375 | C14: completed | D14: -22.35
A15: social | B15: 107.525 | C15: 01-04-2026 | D15: -219
A16: Ireland | B16: 113.81585 | C16: completed | D16: -219
A17: direct | B17: 120.31818 | C17: 01-05-2026 | D17: 171
A18: email | B18: 114.62 | C18: completed | D18: 171
A19: organic | B19: 109.1875 | C19: 01-07-2026 | D19: 129
A20: paid_search | B20: 158.57778 | C20: completed | D20: 129 | F20: currency | G20: Sum of order_total
A21: social | B21: 58.64375 | C21: 02/14/2026 | D21: 80.1 | F21: EUR | G21: 4900.9
A22: UK | B22: 118.07222 | C22: completed | D22: 80.1 | F22: direct | G22: 1067.1
A23: direct | B23: 193.2 | C23: 02/19/2026 | D23: 79 | F23: email | G23: 1219.4
A24: email | B24: 112.35 | C24: completed | D24: 79 | F24: organic | G24: 704.3
A25: organic | B25: 109.73333 | C25: 02/27/2026 | D25: 348.3 | F25: paid_search | G25: 975.8
A26: paid_search | B26: 112.06667 | C26: refunded | D26: 348.3 | F26: social | G26: 934.3
A27: social | B27: 68.733333 | C27: 02-02-2026 | D27: 80.1 | F27: GBP | G27: 20803.15
A28: GB | B28: 126.50833 | C28: completed | D28: 80.1 | F28: direct | G28: 3064.45
A29: direct | B29: 124.685 | C29: 02-04-2026 | D29: 135.5 | F29: email | G29: 3525.15
A30: email | B30: 109.5 | C30: completed | D30: 135.5 | F30: organic | G30: 5375.8
A31: organic | B31: 110.58125 | C31: 02-05-2026 | D31: 232.2 | F31: paid_search | G31: 5744.4
A32: paid_search | B32: 159.03333 | C32: completed | D32: 232.2 | F32: social | G32: 3093.35
A33: social | B33: 104.43125 | C33: 02-07-2026 | D33: 230 | F33: Grand Total | G33: 25704.05
A34: UK | B34: 148.68276 | C34: completed | D34: 149
A35: direct | B35: 185.4 | C35: refunded | D35: 81
A36: email | B36: 97.383333 | C36: 03/14/2026 | D36: 90
A37: organic | B37: 192.34444 | C37: completed | D37: 90
A38: paid_search | B38: 77.1 | C38: 03/15/2026 | D38: 237
A39: social | B39: 177.15714 | C39: refunded | D39: 237
A40: United Kingdom | B40: 159.3125 | C40: 03/19/2026 | D40: 447
A41: direct | B41: 115.65 | C41: completed | D41: 447
A42: email | B42: 258.7 | C42: 03/21/2026 | D42: 21.6
A43: organic | B43: 105.3 | C43: completed | D43: 21.6
A44: paid_search | B44: 258 | C44: 03/25/2026 | D44: 190
A45: social | B45: 131.03333 | C45: refunded | D45: 190
... A52: Grand Total | B52: 127.24777 | C52: 03-05-2026 | D52: 506.3
C53: completed | D53: 506.3
C54: 03-06-2026 | D54: 237
C55: completed | D55: 237
C56: 03-07-2026 | D56: 81
C57: completed | D57: 81
C58: 03-11-2026 | D58: 79
C59: refunded | D59: 79
C60: 04/13/2026 | D60: 268.2
C61: refunded | D61: 268.2
C62: 04/24/2026 | D62: 22.5
C63: refunded | D63: 22.5
C64: 04-02-2026 | D64: 7.75
... C288: Grand Total | D288: 25704.05

Sheet ecommerce-order (1)
A1: order_id | B1: order_date | C1: customer_email | D1: country | E1: channel | F1: product_sku | G1: product_name | H1: quantity | I1: unit_price | J1: order_total | K1: weight | L1: currency | M1: status | N1: unit_price_fixed | O1: aggregate functions | P1: aggregate function name | Q1: vlookup
A2: ORD-101805 | B2: 19-03-2026 | C2: customer0457@example.com | D2: France | E2: direct | F2: FR-9902 | G2: Trekking Poles | H2: 1 | I2: 45 | J2: 36 | K2: 520 | L2: EUR | M2: completed | N2: 45 | O2: =SUM(J:J) -> 25704.05 | P2: sum | Q2: =VLOOKUP(ecommerce_order__1[[#This Row],[product_sku]],F:J,5,FALSE) -> 36
A3: ORD-102690 | B3: 19-05-2026 | C3: customer0814@example.com | D3: France | E3: social | F3: FR-2210 | G3: Trail Softshell | H3: 1 | I3: 71.1 | J3: 71.1 | K3: 0.52 | L3: GBP | M3: completed | N3: 71.1 | O3: =MAX(J:J) -> 447 | P3: max | Q3: =VLOOKUP(ecommerce_order__1[[#This Row],[product_sku]],F:J,5,FALSE) -> 71.1
A4: ORD-101454 | B4: 14-06-2026 | C4: customer0858@example.com | D4: UK | E4: email | F4: FR-1120 | G4: Fell Runner Cap | H4: 1 | J4: 45 | K4: 0.085 | L4: GBP | M4: completed | N4: 45 | O4: =MIN(J:J) -> -258 | P4: min | Q4: =VLOOKUP(ecommerce_order__1[[#This Row],[product_sku]],F:J,5,FALSE) -> 45
A5: ORD-100450 | B5: 08-01-2026 | C5: customer0116@example.com | D5: UK | E5: organic | F5: FR-5567 | G5: Merino Base Layer | H5: 1 | I5: 71.1 | J5: 71.1 | K5: 190 | L5: EUR | M5: completed | N5: 71.1 | O5: =COUNT(J:J) -> 202 | P5: count | Q5: =VLOOKUP(ecommerce_order__1[[#This Row],[product_sku]],F:J,5,FALSE) -> 71.1
A6: ORD-101501 | B6: 20-05-2026 | C6: customer1397@example.com | D6: Ireland | E6: email | F6: FR-8890 | G6: Summit Down Gilet | H6: 1 | I6: 21.6 | J6: 21.6 | K6: 0.38 | L6: GBP | M6: completed | N6: 21.6 | O6: =COUNTIF(J:J,">200") -> 45 | P6: count if | Q6: =VLOOKUP(ecommerce_order__1[[#This Row],[product_sku]],F:J,5,FALSE) -> 21.6
A7: ORD-101788 | B7: 14-03-2026 | C7: customer0775@example.com | D7: GB | E7: organic | F7: FR-1120 | G7: Fell Runner Cap | H7: 1 | I7: 45 | J7: 45 | K7: 85 | L7: GBP | M7: completed | N7: 45 | Q7: =VLOOKUP(ecommerce_order__1[[#This Row],[product_sku]],F:J,5,FALSE) -> 45
A8: ORD-102657 | B8: 25-04-2026 | C8: customer1328@example.com | D8: GB | E8: social | F8: FR-1120 | G8: Fell Runner Cap | H8: 3 | I8: 85.5 | J8: 256.5 | K8: 0.085 | L8: GBP | M8: refunded | N8: 85.5 | Q8: =VLOOKUP(ecommerce_order__1[[#This Row],[product_sku]],F:J,5,FALSE) -> 45
A9: ORD-102047 | B9: 20-05-2026 | C9: customer0760@example.com | D9: ireland | E9: organic | F9: FR-1120 | G9: Fell Runner Cap | H9: 2 | I9: 134.1 | J9: 268.2 | K9: 0.085 | L9: EUR | M9: refunded | N9: 134.1 | Q9: =VLOOKUP(ecommerce_order__1[[#This Row],[product_sku]],F:J,5,FALSE) -> 45
A10: ORD-102650 | B10: 02-04-2026 | C10: customer0013@example.com | D10: gb | E10: paid_search | F10: FR-5567 | G10: Merino Base Layer | H10: 1 | I10: 24 | J10: 24 | K10: 190 | L10: GBP | M10: completed | N10: 24 | Q10: =VLOOKUP(ecommerce_order__1[[#This Row],[product_sku]],F:J,5,FALSE) -> 71.1
A11: ORD-102734 | B11: 16-02-2026 | C11: customer0805@example.com | D11: UK | E11: paid_search | F11: FR-5567 | G11: Merino Base Layer | H11: 1 | I11: 95 | J11: 95 | K11: 190 | L11: EUR | M11: refunded | N11: 95 | Q11: =VLOOKUP(ecommerce_order__1[[#This Row],[product_sku]],F:J,5,FALSE) -> 71.1
A12: ORD-102012 | B12: 21-04-2026 | C12: customer0123@example.com | D12: UK | E12: email | F12: FR-7781 | G12: Storm Overtrousers | H12: 1 | I12: 45 | J12: 45 | K12: 0.41 | L12: GBP | M12: completed | N12: 45 | Q12: =VLOOKUP(ecommerce_order__1[[#This Row],[product_sku]],F:J,5,FALSE) -> 45
A13: ORD-102152 | B13: 01-07-2026 | C13: customer0956@example.com | D13: Ireland | E13: email | F13: FR-7781 | G13: Storm Overtrousers | H13: 1 | I13: 129 | J13: 129 | K13: 410 | L13: GBP | M13: completed | N13: 129 | Q13: =VLOOKUP(ecommerce_order__1[[#This Row],[product_sku]],F:J,5,FALSE) -> 45
A14: ORD-102773 | B14: 02/27/2026 | C14: customer1363@example.com | D14: GB | E14: organic | F14: FR-3345 | G14: CafÃ© Latte Mug | H14: 3 | I14: 116.1 | J14: 348.3 | K14: 340 | L14: GBP | M14: refunded | N14: 116.1 | Q14: =VLOOKUP(ecommerce_order__1[[#This Row],[product_sku]],F:J,5,FALSE) -> 348.3
A15: ORD-102215 | B15: 21-02-2026 | C15: customer1206@example.com | D15: gb | E15: direct | F15: FR-4471 | G15: Alpine Jacket | H15: -3 | I15: 129 | J15: 387 | K15: 640 | L15: GBP | M15: completed | N15: 129 | Q15: =VLOOKUP(ecommerce_order__1[[#This Row],[product_sku]],F:J,5,FALSE) -> 387
A16: ORD-100612 | B16: 05-07-2026 | C16: customer0555@example.com | D16: uk | E16: email | F16: FR-2210 | G16: Trail Softshell | H16: 1 | I16: 45 | J16: 45 | K16: 0.52 | L16: EUR | M16: completed | N16: 45 | Q16: =VLOOKUP(ecommerce_order__1[[#This Row],[product_sku]],F:J,5,FALSE) -> 71.1
A17: ORD-102771 | B17: 11-01-2026 | C17: customer1312@example.com | D17: Ireland | E17: paid_search | F17: FR-1120 | G17: Fell Runner Cap | H17: 1 | I17: 71.1 | J17: 71.1 | K17: 85 | L17: GBP | M17: completed | N17: 71.1 | Q17: =VLOOKUP(ecommerce_order__1[[#This Row],[product_sku]],F:J,5,FALSE) -> 45
A18: ORD-101929 | B18: 19-06-2026 | C18: customer0084@example.com | D18: United Kingdom | E18: organic | F18: FR-7781 | G18: Storm Overtrousers | H18: 1 | I18: 116.1 | J18: 116.1 | K18: 0.41 | L18: GBP | M18: completed | N18: 116.1 | Q18: =VLOOKUP(ecommerce_order__1[[#This Row],[product_sku]],F:J,5,FALSE) -> 45
... A27: ORD-102809 | B27: 23-04-2026 | C27: customer0212@example.com | D27: Germany | E27: organic | F27: FR-5567 | G27: Merino Base Layer | H27: 3 | I27: 89 | J27: 267 | K27: 0.19 | L27: EUR | M27: completed | N27: 89 | Q27: =VLOOKUP(ecommerce_order__1[[#This Row],[product_sku]],F:J,5,FALSE) -> 71.1
A28: ORD-102890 | B28: 09-01-2026 | C28: customer0605@example.com | D28: UK | E28: direct | F28: FR-3345 | G28: CafÃ© Latte Mug | H28: 1 | J28: 21.6 | K28: 340 | L28: GBP | M28: refunded | N28: 21.6 | Q28: =VLOOKUP(ecommerce_order__1[[#This Row],[product_sku]],F:J,5,FALSE) -> 348.3
A29: ORD-100039 | B29: 31-05-2026 | C29: customer0449@example.com | D29: UK | E29: social | F29: FR-8890 | G29: Summit Down Gilet | H29: 2 | I29: 79 | J29: 158 | K29: 0.38 | L29: GBP | M29: completed | N29: 79 | Q29: =VLOOKUP(ecommerce_order__1[[#This Row],[product_sku]],F:J,5,FALSE) -> 21.6
A30: ORD-102776 | B30: 30-06-2026 | C30: customer0321@example.com | D30: GB | E30: direct | F30: FR-8890 | G30: Summit Down Gilet | H30: 3 | I30: 11.25 | J30: 33.75 | K30: 0.38 | L30: GBP | M30: completed | N30: 11.25 | Q30: =VLOOKUP(ecommerce_order__1[[#This Row],[product_sku]],F:J,5,FALSE) -> 21.6
A31: ORD-100053 | B31: 04-04-2026 | C31: customer1166@example.com | D31: gb | E31: social | F31: FR-2210 | G31: Trail Softshell | H31: 1 | J31: 36 | K31: 520 | L31: GBP | M31: completed | Q31: =VLOOKUP(ecommerce_order__1[[#This Row],[product_sku]],F:J,5,FALSE) -> 71.1
A32: ORD-101914 | B32: 13-03-2026 | C32: customer0347@example.com | D32: Germany | E32: paid_search | F32: FR-5567 | G32: Merino Base Layer | H32: 2 | I32: 129 | J32: 258 | K32: 190 | L32: GBP | M32: completed | N32: 129 | Q32: =VLOOKUP(ecommerce_order__1[[#This Row],[product_sku]],F:J,5,FALSE) -> 71.1
A33: ORD-100303 | B33: 17-01-2026 | C33: customer1186@example.com | D33: UK | E33: social | F33: FR-4471 | G33: Alpine Jacket | H33: 1 | I33: 71.1 | J33: 71.1 | K33: 640 | L33: GBP | M33: completed | N33: 71.1 | Q33: =VLOOKUP(ecommerce_order__1[[#This Row],[product_sku]],F:J,5,FALSE) -> 387
A34: ORD-102075 | B34: 01-04-2026 | C34: customer1029@example.com | D34: UK | E34: organic | F34: FR-3345 | G34: CafÃ© Latte Mug | H34: -2 | I34: 45 | J34: -90 | K34: 340 | L34: GBP | M34: completed | N34: 45 | Q34: =VLOOKUP(ecommerce_order__1[[#This Row],[product_sku]],F:J,5,FALSE) -> 348.3
A35: ORD-101025 | B35: 15-02-2026 | C35: customer1144@example.com | D35: United Kingdom | E35: email | F35: FR-4471 | G35: Alpine Jacket | H35: 2 | J35: 160.2 | K35: 640 | L35: EUR | M35: completed | Q35: =VLOOKUP(ecommerce_order__1[[#This Row],[product_sku]],F:J,5,FALSE) -> 387
A36: ORD-101946 | B36: 10-05-2026 | C36: customer1248@example.com | D36: UK | E36: organic | F36: FR-4471 | G36: Alpine Jacket | H36: 2 | J36: 25 | K36: 0.64 | L36: GBP | M36: completed | Q36: =VLOOKUP(ecommerce_order__1[[#This Row],[product_sku]],F:J,5,FALSE) -> 387
A37: ORD-101075 | B37: 03/19/2026 | C37: customer0388@example.com | D37: UK | E37: organic | F37: FR-7781 | G37: Storm Overtrousers | H37: 3 | I37: 149 | J37: 447 | K37: 410 | L37: GBP | M37: completed | N37: 149 | Q37: =VLOOKUP(ecommerce_order__1[[#This Row],[product_sku]],F:J,5,FALSE) -> 45
A38: ORD-101807 | B38: 04/24/2026 | C38: customer1225@example.com | D38: UK | E38: direct | F38: FR-7781 | G38: Storm Overtrousers | H38: 2 | I38: 11.25 | J38: 22.5 | K38: 0.41 | L38: GBP | M38: refunded | N38: 11.25 | Q38: =VLOOKUP(ecommerce_order__1[[#This Row],[product_sku]],F:J,5,FALSE) -> 45
A39: ORD-102879 | B39: 30-03-2026 | C39: customer1087@example.com | D39: ireland | E39: paid_search | F39: FR-7781 | G39: Storm Overtrousers | H39: 1 | I39: 149 | J39: 149 | K39: 410 | L39: GBP | M39: refunded | N39: 149 | Q39: =VLOOKUP(ecommerce_order__1[[#This Row],[product_sku]],F:J,5,FALSE) -> 45
A40: ORD-100229 | B40: 02/14/2026 | C40: customer0706@example.com | D40: gb | E40: paid_search | F40: FR-1120 | G40: Fell Runner Cap | H40: 1 | I40: 80.1 | J40: 80.1 | K40: 85 | L40: GBP | M40: completed | N40: 80.1 | Q40: =VLOOKUP(ecommerce_order__1[[#This Row],[product_sku]],F:J,5,FALSE) -> 45
A41: ORD-101507 | B41: 06/20/2026 | C41: customer0951@example.com | D41: uk | E41: organic | F41: FR-5567 | G41: Merino Base Layer | H41: 1 | I41: 95 | J41: 95 | K41: 0.19 | L41: GBP | M41: completed | N41: 95 | Q41: =VLOOKUP(ecommerce_order__1[[#This Row],[product_sku]],F:J,5,FALSE) -> 71.1
A42: ORD-100281 | B42: 20-06-2026 | C42: customer1318@example.com | D42: gb | E42: organic | F42: FR-7781 | G42: Storm Overtrousers | H42: 3 | I42: 11.25 | J42: 33.75 | K42: 0.41 | L42: GBP | M42: completed | N42: 11.25 | Q42: =VLOOKUP(ecommerce_order__1[[#This Row],[product_sku]],F:J,5,FALSE) -> 45
A43: ORD-100155 | B43: 27-05-2026 | C43: customer0109@example.com | D43: UK | E43: social | F43: FR-4471 | G43: Alpine Jacket | H43: 2 | I43: 21.6 | J43: 43.2 | K43: 0.64 | L43: EUR | M43: refunded | N43: 21.6 | Q43: =VLOOKUP(ecommerce_order__1[[#This Row],[product_sku]],F:J,5,FALSE) -> 387
A44: ORD-102793 | B44: 03-02-2026 | C44: customer0701@example.com | D44: United Kingdom | E44: email | F44: FR-8890 | G44: Summit Down Gilet | H44: 2 | I44: 89 | J44: 178 | K44: 380 | L44: GBP | M44: completed | N44: 89 | Q44: =VLOOKUP(ecommerce_order__1[[#This Row],[product_sku]],F:J,5,FALSE) -> 21.6
A45: ORD-102266 | B45: 19-01-2026 | C45: customer0725@example.com | D45: UK | E45: email | F45: FR-3345 | G45: CafÃ© Latte Mug | H45: 1 | J45: 80.1 | K45: 340 | L45: GBP | M45: completed | Q45: =VLOOKUP(ecommerce_order__1[[#This Row],[product_sku]],F:J,5,FALSE) -> 348.3
A46: ORD-102177 | B46: 06/24/2026 | C46: customer0599@example.com | D46: UK | E46: direct | F46: FR-3345 | G46: CafÃ© Latte Mug | H46: 3 | I46: 129 | J46: 387 | K46: 0.34 | L46: GBP | M46: completed | N46: 129 | Q46: =VLOOKUP(ecommerce_order__1[[#This Row],[product_sku]],F:J,5,FALSE) -> 348.3
A47: ORD-102794 | B47: 21-05-2026 | C47: customer0480@example.com | D47: ireland | E47: paid_search | F47: FR-7781 | G47: Storm Overtrousers | H47: 2 | I47: 129 | J47: 258 | K47: 0.41 | L47: GBP | M47: completed | N47: 129 | Q47: =VLOOKUP(ecommerce_order__1[[#This Row],[product_sku]],F:J,5,FALSE) -> 45
A48: ORD-102860 | B48: 24-03-2026 | C48: customer1378@example.com | D48: UK | E48: direct | F48: FR-4471 | G48: Alpine Jacket | H48: 2 | J48: 171 | K48: 640 | L48: GBP | M48: refunded | Q48: =VLOOKUP(ecommerce_order__1[[#This Row],[product_sku]],F:J,5,FALSE) -> 387
A49: ORD-102717 | B49: 20-03-2026 | C49: customer0415@example.com | D49: ireland | E49: paid_search | F49: FR-7781 | G49: Storm Overtrousers | H49: 1 | I49: 89 | J49: 89 | K49: 410 | L49: GBP | M49: completed | N49: 89 | Q49: =VLOOKUP(ecommerce_order__1[[#This Row],[product_sku]],F:J,5,FALSE) -> 45
A50: ORD-100226 | B50: 14-01-2026 | C50: customer0210@example.com | D50: Germany | E50: email | F50: FR-3345 | G50: CafÃ© Latte Mug | H50: 1 | I50: 95 | J50: 95 | K50: 340 | L50: EUR | M50: completed | N50: 95 | Q50: =VLOOKUP(ecommerce_order__1[[#This Row],[product_sku]],F:J,5,FALSE) -> 348.3
A51: ORD-101221 | B51: 15-01-2026 | C51: customer1184@example.com | D51: ireland | E51: direct | F51: FR-3345 | G51: CafÃ© Latte Mug | H51: 2 | I51: 89 | J51: 178 | K51: 340 | L51: GBP | M51: completed | N51: 89 | Q51: =VLOOKUP(ecommerce_order__1[[#This Row],[product_sku]],F:J,5,FALSE) -> 348.3
A52: ORD-102055 | B52: 13-05-2026 | C52: customer0735@example.com | D52: United Kingdom | E52: organic | F52: FR-5567 | G52: Merino Base Layer | H52: -1 | I52: 149 | J52: -149 | K52: 0.19 | L52: GBP | M52: completed | N52: 149 | Q52: =VLOOKUP(ecommerce_order__1[[#This Row],[product_sku]],F:J,5,FALSE) -> 71.1
A53: ORD-102118 | B53: 19-06-2026 | C53: customer1072@example.com | D53: Ireland | E53: social | F53: FR-1120 | G53: Fell Runner Cap | H53: 3 | I53: 24 | J53: 72 | K53: 0.085 | L53: GBP | M53: completed | N53: 24 | Q53: =VLOOKUP(ecommerce_order__1[[#This Row],[product_sku]],F:J,5,FALSE) -> 45
A54: ORD-101531 | B54: 11-05-2026 | C54: customer0814@example.com | D54: UK | E54: email | F54: FR-3345 | G54: CafÃ© Latte Mug | H54: 2 | I54: 85.5 | J54: 171 | K54: 0.34 | L54: EUR | M54: completed | N54: 85.5 | Q54: =VLOOKUP(ecommerce_order__1[[#This Row],[product_sku]],F:J,5,FALSE) -> 348.3
A55: ORD-101429 | B55: 26-05-2026 | C55: customer0368@example.com | D55: UK | E55: organic | F55: FR-7781 | G55: Storm Overtrousers | H55: 3 | I55: 24 | J55: 72 | K55: 0.41 | L55: GBP | M55: refunded | N55: 24 | Q55: =VLOOKUP(ecommerce_order__1[[#This Row],[product_sku]],F:J,5,FALSE) -> 45
A56: ORD-101372 | B56: 16-01-2026 | C56: customer0658@example.com | D56: uk | E56: direct | F56: FR-8890 | G56: Summit Down Gilet | H56: 1 | I56: 11.25 | J56: 11.25 | K56: 380 | L56: GBP | M56: completed | N56: 11.25 | Q56: =VLOOKUP(ecommerce_order__1[[#This Row],[product_sku]],F:J,5,FALSE) -> 21.6
A57: ORD-101570 | B57: 07-04-2026 | C57: customer0843@example.com | D57: UK | E57: paid_search | F57: FR-2210 | G57: Trail Softshell | H57: 2 | I57: 11.25 | J57: 22.5 | K57: 520 | L57: GBP | M57: completed | N57: 11.25 | Q57: =VLOOKUP(ecommerce_order__1[[#This Row],[product_sku]],F:J,5,FALSE) -> 71.1
A58: ORD-101237 | B58: 24-04-2026 | C58: customer1101@example.com | D58: uk | E58: organic | F58: FR-9902 | G58: Trekking Poles | H58: 2 | I58: 95 | J58: 171 | K58: 0.52 | L58: GBP | M58: completed | N58: 95 | Q58: =VLOOKUP(ecommerce_order__1[[#This Row],[product_sku]],F:J,5,FALSE) -> 36
A59: ORD-102733 | B59: 06-03-2026 | C59: customer1291@example.com | D59: ireland | E59: direct | F59: FR-2210 | G59: Trail Softshell | H59: 1 | J59: 116.1 | K59: 520 | L59: EUR | M59: completed | Q59: =VLOOKUP(ecommerce_order__1[[#This Row],[product_sku]],F:J,5,FALSE) -> 71.1
A60: ORD-100314 | B60: 08-05-2026 | C60: customer0820@example.com | D60: Ireland | E60: direct | F60: FR-4471 | G60: Alpine Jacket | H60: 2 | I60: 40.5 | J60: 81 | K60: 0.64 | L60: GBP | M60: completed | N60: 40.5 | Q60: =VLOOKUP(ecommerce_order__1[[#This Row],[product_sku]],F:J,5,FALSE) -> 387
A61: ORD-102277 | B61: 28-06-2026 | C61: customer0975@example.com | D61: UK | E61: organic | F61: FR-2210 | G61: Trail Softshell | H61: 1 | I61: 85.5 | J61: 85.5 | K61: 0.52 | L61: EUR | M61: completed | N61: 85.5 | Q61: =VLOOKUP(ecommerce_order__1[[#This Row],[product_sku]],F:J,5,FALSE) -> 71.1
A62: ORD-102431 | B62: 02-07-2026 | C62: customer0946@example.com | D62: gb | E62: direct | F62: FR-1120 | G62: Fell Runner Cap | H62: 2 | I62: 40.5 | J62: 81 | K62: 0.085 | L62: GBP | M62: refunded | N62: 40.5 | Q62: =VLOOKUP(ecommerce_order__1[[#This Row],[product_sku]],F:J,5,FALSE) -> 45
A63: ORD-101431 | B63: 01-05-2026 | C63: customer0844@example.com | D63: uk | E63: organic | F63: FR-9902 | G63: Trekking Poles | H63: 2 | I63: 85.5 | J63: 171 | K63: 0.52 | L63: GBP | M63: completed | N63: 85.5 | Q63: =VLOOKUP(ecommerce_order__1[[#This Row],[product_sku]],F:J,5,FALSE) -> 36
A64: ORD-102072 | B64: 20-01-2026 | C64: customer0732@example.com | D64: Germany | E64: organic | F64: FR-3345 | G64: CafÃ© Latte Mug | H64: 3 | I64: 11.25 | J64: 33.75 | K64: 340 | L64: GBP | M64: completed | N64: 11.25 | Q64: =VLOOKUP(ecommerce_order__1[[#This Row],[product_sku]],F:J,5,FALSE) -> 348.3
A65: ORD-102983 | B65: 10-02-2026 | C65: customer1264@example.com | D65: gb | E65: direct | F65: FR-9902 | G65: Trekking Poles | H65: 3 | I65: 79 | J65: 237 | K65: 520 | L65: GBP | M65: completed | N65: 79 | Q65: =VLOOKUP(ecommerce_order__1[[#This Row],[product_sku]],F:J,5,FALSE) -> 36
A66: ORD-101945 | B66: 05-09-2026 | C66: customer0119@example.com | D66: France | E66: paid_search | F66: FR-3345 | G66: CafÃ© Latte Mug | H66: 3 | I66: 89 | J66: 267 | K66: 0.34 | L66: GBP | M66: completed | N66: 89 | Q66: =VLOOKUP(ecommerce_order__1[[#This Row],[product_sku]],F:J,5,FALSE) -> 348.3
A67: ORD-101850 | B67: 03/14/2026 | C67: customer0063@example.com | D67: France | E67: direct | F67: FR-7781 | G67: Storm Overtrousers | H67: 2 | I67: 45 | J67: 90 | K67: 410 | L67: GBP | M67: completed | N67: 45 | Q67: =VLOOKUP(ecommerce_order__1[[#This Row],[product_sku]],F:J,5,FALSE) -> 45
A68: ORD-101650 | B68: 19-05-2026 | C68: customer0184@example.com | D68: United Kingdom | E68: organic | F68: FR-7781 | G68: Storm Overtrousers | H68: 3 | I68: 129 | J68: 387 | K68: 0.41 | L68: GBP | M68: completed | N68: 129 | Q68: =VLOOKUP(ecommerce_order__1[[#This Row],[product_sku]],F:J,5,FALSE) -> 45
A69: ORD-102725 | B69: 05/17/2026 | C69: customer1123@example.com | D69: France | E69: paid_search | F69: FR-8890 | G69: Summit Down Gilet | H69: 2 | I69: 129 | J69: 258 | K69: 0.38 | L69: GBP | M69: refunded | N69: 129 | Q69: =VLOOKUP(ecommerce_order__1[[#This Row],[product_sku]],F:J,5,FALSE) -> 21.6
A70: ORD-102852 | B70: 26-05-2026 | C70: customer0394@example.com | D70: Ireland | E70: paid_search | F70: FR-1120 | G70: Fell Runner Cap | H70: 1 | I70: 116.1 | J70: 116.1 | K70: 0.085 | L70: GBP | M70: completed | N70: 116.1 | Q70: =VLOOKUP(ecommerce_order__1[[#This Row],[product_sku]],F:J,5,FALSE) -> 45
A71: ORD-101069 | B71: 19-03-2026 | C71: customer0006@example.com | D71: GB | E71: direct | F71: FR-8890 | G71: Summit Down Gilet | H71: 2 | I71: 24 | J71: 48 | K71: 380 | L71: EUR | M71: completed | N71: 24 | Q71: =VLOOKUP(ecommerce_order__1[[#This Row],[product_sku]],F:J,5,FALSE) -> 21.6
... A77: ORD-100662 | B77: 01-03-2026 | C77: customer1198@example.com | D77: France | E77: organic | F77: FR-4471 | G77: Alpine Jacket | H77: 1 | I77: 24 | J77: 24 | K77: 640 | L77: GBP | M77: completed | N77: 24 | Q77: =VLOOKUP(ecommerce_order__1[[#This Row],[product_sku]],F:J,5,FALSE) -> 387
A78: ORD-102005 | B78: 14-01-2026 | C78: customer0369@example.com | D78: UK | E78: organic | F78: FR-9902 | G78: Trekking Poles | H78: 2 | J78: 232.2 | K78: 520 | L78: GBP | M78: refunded | Q78: =VLOOKUP(ecommerce_order__1[[#This Row],[product_sku]],F:J,5,FALSE) -> 36
A79: ORD-102592 | B79: 07-05-2026 | C79: customer0842@example.com | D79: uk | E79: email | F79: FR-5567 | G79: Merino Base Layer | H79: 1 | I79: 85.5 | J79: 85.5 | K79: 0.19 | L79: GBP | M79: completed | N79: 85.5 | Q79: =VLOOKUP(ecommerce_order__1[[#This Row],[product_sku]],F:J,5,FALSE) -> 71.1
A80: ORD-100862 | B80: 23-02-2026 | C80: customer0427@example.com | D80: Germany | E80: social | F80: FR-4471 | G80: Alpine Jacket | H80: 2 | I80: 40.5 | J80: 81 | K80: 640 | L80: GBP | M80: completed | N80: 40.5 | Q80: =VLOOKUP(ecommerce_order__1[[#This Row],[product_sku]],F:J,5,FALSE) -> 387
A81: ORD-101693 | B81: 19-03-2026 | C81: customer0461@example.com | D81: uk | E81: paid_search | F81: FR-1120 | G81: Fell Runner Cap | H81: 1 | I81: 79 | J81: 79 | K81: 85 | L81: EUR | M81: completed | N81: 79 | Q81: =VLOOKUP(ecommerce_order__1[[#This Row],[product_sku]],F:J,5,FALSE) -> 45
A82: ORD-102839 | B82: 04-05-2026 | C82: customer0251@example.com | D82: UK | E82: organic | F82: FR-9902 | G82: Trekking Poles | H82: 1 | I82: 80.1 | J82: 80.1 | K82: 520 | L82: GBP | M82: completed | N82: 80.1 | Q82: =VLOOKUP(ecommerce_order__1[[#This Row],[product_sku]],F:J,5,FALSE) -> 36
A83: ORD-102331 | B83: 23-02-2026 | C83: customer0592@example.com | D83: France | E83: organic | F83: FR-5567 | G83: Merino Base Layer | H83: 1 | I83: 71.1 | J83: 71.1 | K83: 190 | L83: GBP | M83: completed | N83: 71.1 | Q83: =VLOOKUP(ecommerce_order__1[[#This Row],[product_sku]],F:J,5,FALSE) -> 71.1
A84: ORD-102439 | B84: 06/30/2026 | C84: customer1164@example.com | D84: Ireland | E84: organic | F84: FR-8890 | G84: Summit Down Gilet | H84: -2 | I84: 129 | J84: -258 | K84: 0.38 | L84: GBP | M84: completed | N84: 129 | Q84: =VLOOKUP(ecommerce_order__1[[#This Row],[product_sku]],F:J,5,FALSE) -> 21.6
A85: ORD-101437 | B85: 20-02-2026 | C85: customer0990@example.com | D85: France | E85: social | F85: FR-5567 | G85: Merino Base Layer | H85: 1 | I85: 79 | J85: 79 | K85: 190 | L85: GBP | M85: completed | N85: 79 | Q85: =VLOOKUP(ecommerce_order__1[[#This Row],[product_sku]],F:J,5,FALSE) -> 71.1
A86: ORD-101980 | B86: 25-05-2026 | C86: customer0809@example.com | D86: uk | E86: paid_search | F86: FR-7781 | G86: Storm Overtrousers | H86: 2 | I86: 95 | J86: 190 | K86: 0.41 | L86: GBP | M86: completed | N86: 95 | Q86: =VLOOKUP(ecommerce_order__1[[#This Row],[product_sku]],F:J,5,FALSE) -> 45
A87: ORD-100372 | B87: 22-01-2026 | C87: customer0638@example.com | D87: Germany | E87: organic | F87: FR-4471 | G87: Alpine Jacket | H87: 3 | I87: 149 | J87: 447 | K87: 640 | L87: GBP | M87: refunded | N87: 149 | Q87: =VLOOKUP(ecommerce_order__1[[#This Row],[product_sku]],F:J,5,FALSE) -> 387
A88: ORD-102170 | B88: 03/15/2026 | C88: customer1232@example.com | D88: uk | E88: email | F88: FR-3345 | G88: CafÃ© Latte Mug | H88: 3 | I88: 79 | J88: 237 | K88: 340 | L88: GBP | M88: refunded | N88: 79 | Q88: =VLOOKUP(ecommerce_order__1[[#This Row],[product_sku]],F:J,5,FALSE) -> 348.3
A89: ORD-100509 | B89: 17-01-2026 | C89: customer0905@example.com | D89: GB | E89: organic | F89: FR-4471 | G89: Alpine Jacket | H89: 1 | I89: 12.5 | J89: 12.5 | K89: 640 | L89: EUR | M89: completed | N89: 12.5 | Q89: =VLOOKUP(ecommerce_order__1[[#This Row],[product_sku]],F:J,5,FALSE) -> 387
A90: ORD-102217 | B90: 07-03-2026 | C90: customer1220@example.com | D90: Ireland | E90: social | F90: FR-1120 | G90: Fell Runner Cap | H90: 1 | I90: 45 | J90: 45 | K90: 85 | L90: GBP | M90: completed | N90: 45 | Q90: =VLOOKUP(ecommerce_order__1[[#This Row],[product_sku]],F:J,5,FALSE) -> 45
... A110: ORD-102713 | B110: 04/13/2026 | C110: customer0524@example.com | D110: gb | E110: paid_search | F110: FR-9902 | G110: Trekking Poles | H110: 2 | I110: 134.1 | J110: 268.2 | K110: 520 | L110: GBP | M110: refunded | N110: 134.1 | Q110: =VLOOKUP(ecommerce_order__1[[#This Row],[product_sku]],F:J,5,FALSE) -> 36
A111: ORD-102552 | B111: 22-05-2026 | C111: customer1305@example.com | D111: UK | E111: organic | F111: FR-4471 | G111: Alpine Jacket | H111: 2 | J111: 160.2 | K111: 0.64 | L111: GBP | M111: completed | Q111: =VLOOKUP(ecommerce_order__1[[#This Row],[product_sku]],F:J,5,FALSE) -> 387
A112: ORD-100392 | B112: 21-03-2026 | C112: customer1001@example.com | D112: Germany | E112: paid_search | F112: FR-4471 | G112: Alpine Jacket | H112: 1 | I112: 11.25 | J112: 11.25 | K112: 640 | L112: EUR | M112: completed | N112: 11.25 | Q112: =VLOOKUP(ecommerce_order__1[[#This Row],[product_sku]],F:J,5,FALSE) -> 387
A113: ORD-100027 | B113: 17-06-2026 | C113: customer0058@example.com | D113: gb | E113: social | F113: FR-4471 | G113: Alpine Jacket | H113: 1 | I113: 45 | J113: 45 | K113: 0.64 | L113: GBP | M113: completed | N113: 45 | Q113: =VLOOKUP(ecommerce_order__1[[#This Row],[product_sku]],F:J,5,FALSE) -> 387
A114: ORD-102163 | B114: 28-01-2026 | C114: customer0981@example.com | D114: Ireland | E114: paid_search | F114: FR-1120 | G114: Fell Runner Cap | H114: 3 | I114: 129 | J114: 387 | K114: 85 | L114: GBP | M114: completed | N114: 129 | Q114: =VLOOKUP(ecommerce_order__1[[#This Row],[product_sku]],F:J,5,FALSE) -> 45
A115: ORD-101576 | B115: 17-05-2026 | C115: customer0114@example.com | D115: Ireland | E115: paid_search | F115: FR-9902 | G115: Trekking Poles | H115: 1 | I115: 45 | J115: 45 | K115: 0.52 | L115: GBP | M115: refunded | N115: 45 | Q115: =VLOOKUP(ecommerce_order__1[[#This Row],[product_sku]],F:J,5,FALSE) -> 36
A116: ORD-101972 | B116: 07-01-2026 | C116: customer0626@example.com | D116: UK | E116: direct | F116: FR-1120 | G116: Fell Runner Cap | H116: 3 | I116: 116.1 | J116: 348.3 | K116: 85 | L116: EUR | M116: refunded | N116: 116.1 | Q116: =VLOOKUP(ecommerce_order__1[[#This Row],[product_sku]],F:J,5,FALSE) -> 45
A117: ORD-102653 | B117: 22-04-2026 | C117: customer0512@example.com | D117: uk | E117: paid_search | F117: FR-5567 | G117: Merino Base Layer | H117: 1 | I117: 129 | J117: 129 | K117: 0.19 | L117: GBP | M117: completed | N117: 129 | Q117: =VLOOKUP(ecommerce_order__1[[#This Row],[product_sku]],F:J,5,FALSE) -> 71.1
A118: ORD-102768 | B118: 25-06-2026 | C118: customer0942@example.com | D118: uk | E118: direct | F118: FR-9902 | G118: Trekking Poles | H118: 1 | I118: 24 | J118: 24 | K118: 0.52 | L118: GBP | M118: completed | N118: 24 | Q118: =VLOOKUP(ecommerce_order__1[[#This Row],[product_sku]],F:J,5,FALSE) -> 36
A119: ORD-100431 | B119: 09-06-2026 | C119: customer0095@example.com | D119: GB | E119: direct | F119: FR-4471 | G119: Alpine Jacket | H119: 1 | I119: 24 | J119: 20.4 | K119: 0.64 | L119: GBP | M119: completed | N119: 24 | Q119: =VLOOKUP(ecommerce_order__1[[#This Row],[product_sku]],F:J,5,FALSE) -> 387
A120: ORD-101311 | B120: 16-02-2026 | C120: customer0104@example.com | D120: UK | E120: email | F120: FR-7781 | G120: Storm Overtrousers | H120: 1 | J120: 24 | K120: 410 | L120: GBP | M120: completed | Q120: =VLOOKUP(ecommerce_order__1[[#This Row],[product_sku]],F:J,5,FALSE) -> 45
A121: ORD-101762 | B121: 12-05-2026 | C121: customer0563@example.com | D121: Ireland | E121: paid_search | F121: FR-5567 | G121: Merino Base Layer | H121: 3 | I121: 89 | J121: 267 | K121: 0.19 | L121: GBP | M121: refunded | N121: 89 | Q121: =VLOOKUP(ecommerce_order__1[[#This Row],[product_sku]],F:J,5,FALSE) -> 71.1
A122: ORD-102302 | B122: 11-01-2026 | C122: customer0693@example.com | D122: France | E122: organic | F122: FR-4471 | G122: Alpine Jacket | H122: 1 | I122: 40.5 | J122: 40.5 | K122: 640 | L122: GBP | M122: completed | N122: 40.5 | Q122: =VLOOKUP(ecommerce_order__1[[#This Row],[product_sku]],F:J,5,FALSE) -> 387
A123: ORD-102616 | B123: 06-02-2026 | C123: customer0195@example.com | D123: UK | E123: email | F123: FR-1120 | G123: Fell Runner Cap | H123: 1 | I123: 134.1 | J123: 134.1 | K123: 85 | L123: GBP | M123: refunded | N123: 134.1 | Q123: =VLOOKUP(ecommerce_order__1[[#This Row],[product_sku]],F:J,5,FALSE) -> 45
A124: ORD-101512 | B124: 21-01-2026 | C124: customer0782@example.com | D124: UK | E124: social | F124: FR-9902 | G124: Trekking Poles | H124: 3 | I124: 129 | J124: 387 | K124: 520 | L124: GBP | M124: refunded | N124: 129 | Q124: =VLOOKUP(ecommerce_order__1[[#This Row],[product_sku]],F:J,5,FALSE) -> 36
A125: ORD-100853 | B125: 15-02-2026 | C125: customer1357@example.com | D125: Ireland | E125: email | F125: FR-3345 | G125: CafÃ© Latte Mug | H125: 2 | I125: 129 | J125: 258 | K125: 340 | L125: GBP | M125: completed | N125: 129 | Q125: =VLOOKUP(ecommerce_order__1[[#This Row],[product_sku]],F:J,5,FALSE) -> 348.3
A126: ORD-102810 | B126: 08-03-2026 | C126: customer0132@example.com | D126: GB | E126: direct | F126: FR-4471 | G126: Alpine Jacket | H126: 3 | I126: 129 | J126: 348.3 | K126: 640 | L126: GBP | M126: completed | N126: 129 | Q126: =VLOOKUP(ecommerce_order__1[[#This Row],[product_sku]],F:J,5,FALSE) -> 387
A127: ORD-102908 | B127: 10-04-2026 | C127: customer0950@example.com | D127: United Kingdom | E127: social | F127: FR-5567 | G127: Merino Base Layer | H127: 1 | I127: 134.1 | J127: 134.1 | K127: 190 | L127: EUR | M127: completed | N127: 134.1 | Q127: =VLOOKUP(ecommerce_order__1[[#This Row],[product_sku]],F:J,5,FALSE) -> 71.1
A128: ORD-101658 | B128: 20-03-2026 | C128: customer0226@example.com | D128: Germany | E128: paid_search | F128: FR-9902 | G128: Trekking Poles | H128: 3 | I128: 95 | J128: 285 | K128: 520 | L128: GBP | M128: refunded | N128: 95 | Q128: =VLOOKUP(ecommerce_order__1[[#This Row],[product_sku]],F:J,5,FALSE) -> 36
A129: ORD-101562 | B129: 02/19/2026 | C129: customer0782@example.com | D129: Ireland | E129: email | F129: FR-5567 | G129: Merino Base Layer | H129: 1 | I129: 79 | J129: 79 | K129: 190 | L129: GBP | M129: completed | N129: 79 | Q129: =VLOOKUP(ecommerce_order__1[[#This Row],[product_sku]],F:J,5,FALSE) -> 71.1
A130: ORD-100423 | B130: 02-02-2026 | C130: customer0410@example.com | D130: GB | E130: paid_search | F130: FR-9902 | G130: Trekking Poles | H130: 1 | I130: 80.1 | J130: 80.1 | K130: 520 | L130: GBP | M130: completed | N130: 80.1 | Q130: =VLOOKUP(ecommerce_order__1[[#This Row],[product_sku]],F:J,5,FALSE) -> 36
A131: ORD-100967 | B131: 28-03-2026 | C131: customer0661@example.com | D131: GB | E131: social | F131: FR-7781 | G131: Storm Overtrousers | H131: 3 | I131: 11.25 | J131: 33.75 | K131: 0 | L131: GBP | M131: completed | N131: 11.25 | Q131: =VLOOKUP(ecommerce_order__1[[#This Row],[product_sku]],F:J,5,FALSE) -> 45
A132: ORD-101234 | B132: 23-04-2026 | C132: customer1089@example.com | D132: Germany | E132: organic | F132: FR-5567 | G132: Merino Base Layer | H132: 2 | I132: 149 | J132: 298 | K132: 0.19 | L132: GBP | M132: completed | N132: 149 | Q132: =VLOOKUP(ecommerce_order__1[[#This Row],[product_sku]],F:J,5,FALSE) -> 71.1
...

Sheet Sheet1
A1: order_id | B1: =VLOOKUP($A$1,'ecommerce-order (1)'!$A:$M,2,FALSE) -> order_date | C1: =VLOOKUP($A$1,'ecommerce-order (1)'!$A:$M,3,FALSE) -> customer_email | D1: =VLOOKUP($A$1,'ecommerce-order (1)'!$A:$M,4,FALSE) -> country | E1: =VLOOKUP($A$1,'ecommerce-order (1)'!$A:$M,5,FALSE) -> channel | F1: =VLOOKUP($A$1,'ecommerce-order (1)'!$A:$M,6,FALSE) -> product_sku | G1: =VLOOKUP($A$1,'ecommerce-order (1)'!$A:$M,7,FALSE) -> product_name | H1: =VLOOKUP($A$1,'ecommerce-order (1)'!$A:$M,8,FALSE) -> quantity | I1: =VLOOKUP($A$1,'ecommerce-order (1)'!$A:$M,9,FALSE) -> unit_price | J1: =VLOOKUP($A$1,'ecommerce-order (1)'!$A:$M,10,FALSE) -> order_total | K1: =VLOOKUP($A$1,'ecommerce-order (1)'!$A:$M,11,FALSE) -> weight | L1: =VLOOKUP($A$1,'ecommerce-order (1)'!$A:$M,12,FALSE) -> currency | M1: =VLOOKUP($A$1,'ecommerce-order (1)'!$A:$M,13,FALSE) -> status | N1: keep using vlookup
A2: ORD-101805 | B2: =VLOOKUP(A2,'ecommerce-order (1)'!$A:$M,2,FALSE) -> 19-03-2026 | C2: =VLOOKUP($A2,'ecommerce-order (1)'!$A:$M,3,FALSE) -> customer0457@example.com | D2: =VLOOKUP($A2,'ecommerce-order (1)'!$A:$M,4,FALSE) -> France | E2: =VLOOKUP($A2,'ecommerce-order (1)'!$A:$M,5,FALSE) -> direct | F2: =VLOOKUP($A2,'ecommerce-order (1)'!$A:$M,6,FALSE) -> FR-9902 | G2: =VLOOKUP($A2,'ecommerce-order (1)'!$A:$M,7,FALSE) -> Trekking Poles | H2: =VLOOKUP($A2,'ecommerce-order (1)'!$A:$M,8,FALSE) -> 1 | I2: =VLOOKUP($A2,'ecommerce-order (1)'!$A:$M,9,FALSE) -> 45 | J2: =VLOOKUP($A2,'ecommerce-order (1)'!$A:$M,10,FALSE) -> 36 | K2: =VLOOKUP($A2,'ecommerce-order (1)'!$A:$M,11,FALSE) -> 520 | L2: =VLOOKUP($A2,'ecommerce-order (1)'!$A:$M,12,FALSE) -> EUR | M2: =VLOOKUP($A2,'ecommerce-order (1)'!$A:$M,13,FALSE) -> completed | N2: =IF(ISNA(VLOOKUP(A2,'ecommerce-order (1)'!A:A,1,FALSE)),"KEEEP","REMOVE") -> REMOVE
A3: ORD-102690 | B3: =VLOOKUP(A3,'ecommerce-order (1)'!$A:$M,2,FALSE) -> 19-05-2026 | C3: =VLOOKUP($A3,'ecommerce-order (1)'!$A:$M,3,FALSE) -> customer0814@example.com | D3: =VLOOKUP($A3,'ecommerce-order (1)'!$A:$M,4,FALSE) -> France | E3: =VLOOKUP($A3,'ecommerce-order (1)'!$A:$M,5,FALSE) -> social | F3: =VLOOKUP($A3,'ecommerce-order (1)'!$A:$M,6,FALSE) -> FR-2210 | G3: =VLOOKUP($A3,'ecommerce-order (1)'!$A:$M,7,FALSE) -> Trail Softshell | H3: =VLOOKUP($A3,'ecommerce-order (1)'!$A:$M,8,FALSE) -> 1 | I3: =VLOOKUP($A3,'ecommerce-order (1)'!$A:$M,9,FALSE) -> 71.1 | J3: =VLOOKUP($A3,'ecommerce-order (1)'!$A:$M,10,FALSE) -> 71.1 | K3: =VLOOKUP($A3,'ecommerce-order (1)'!$A:$M,11,FALSE) -> 0.52 | L3: =VLOOKUP($A3,'ecommerce-order (1)'!$A:$M,12,FALSE) -> GBP | M3: =VLOOKUP($A3,'ecommerce-order (1)'!$A:$M,13,FALSE) -> completed | N3: =IF(ISNA(VLOOKUP(A3,'ecommerce-order (1)'!A:A,1,FALSE)),"KEEEP","REMOVE") -> REMOVE
A4: ORD-101454 | B4: =VLOOKUP(A4,'ecommerce-order (1)'!$A:$M,2,FALSE) -> 14-06-2026 | C4: =VLOOKUP($A4,'ecommerce-order (1)'!$A:$M,3,FALSE) -> customer0858@example.com | D4: =VLOOKUP($A4,'ecommerce-order (1)'!$A:$M,4,FALSE) -> UK | E4: =VLOOKUP($A4,'ecommerce-order (1)'!$A:$M,5,FALSE) -> email | F4: =VLOOKUP($A4,'ecommerce-order (1)'!$A:$M,6,FALSE) -> FR-1120 | G4: =VLOOKUP($A4,'ecommerce-order (1)'!$A:$M,7,FALSE) -> Fell Runner Cap | H4: =VLOOKUP($A4,'ecommerce-order (1)'!$A:$M,8,FALSE) -> 1 | I4: =VLOOKUP($A4,'ecommerce-order (1)'!$A:$M,9,FALSE) -> 0 | J4: =VLOOKUP($A4,'ecommerce-order (1)'!$A:$M,10,FALSE) -> 45 | K4: =VLOOKUP($A4,'ecommerce-order (1)'!$A:$M,11,FALSE) -> 0.085 | L4: =VLOOKUP($A4,'ecommerce-order (1)'!$A:$M,12,FALSE) -> GBP | M4: =VLOOKUP($A4,'ecommerce-order (1)'!$A:$M,13,FALSE) -> completed | N4: =IF(ISNA(VLOOKUP(A4,'ecommerce-order (1)'!A:A,1,FALSE)),"KEEEP","REMOVE") -> REMOVE
A5: ORD-100450 | B5: =VLOOKUP(A5,'ecommerce-order (1)'!$A:$M,2,FALSE) -> 08-01-2026 | C5: =VLOOKUP($A5,'ecommerce-order (1)'!$A:$M,3,FALSE) -> customer0116@example.com | D5: =VLOOKUP($A5,'ecommerce-order (1)'!$A:$M,4,FALSE) -> UK | E5: =VLOOKUP($A5,'ecommerce-order (1)'!$A:$M,5,FALSE) -> organic | F5: =VLOOKUP($A5,'ecommerce-order (1)'!$A:$M,6,FALSE) -> FR-5567 | G5: =VLOOKUP($A5,'ecommerce-order (1)'!$A:$M,7,FALSE) -> Merino Base Layer | H5: =VLOOKUP($A5,'ecommerce-order (1)'!$A:$M,8,FALSE) -> 1 | I5: =VLOOKUP($A5,'ecommerce-order (1)'!$A:$M,9,FALSE) -> 71.1 | J5: =VLOOKUP($A5,'ecommerce-order (1)'!$A:$M,10,FALSE) -> 71.1 | K5: =VLOOKUP($A5,'ecommerce-order (1)'!$A:$M,11,FALSE) -> 190 | L5: =VLOOKUP($A5,'ecommerce-order (1)'!$A:$M,12,FALSE) -> EUR | M5: =VLOOKUP($A5,'ecommerce-order (1)'!$A:$M,13,FALSE) -> completed | N5: =IF(ISNA(VLOOKUP(A5,'ecommerce-order (1)'!A:A,1,FALSE)),"KEEEP","REMOVE") -> REMOVE
A6: ORD-101501 | B6: =VLOOKUP(A6,'ecommerce-order (1)'!$A:$M,2,FALSE) -> 20-05-2026 | C6: =VLOOKUP($A6,'ecommerce-order (1)'!$A:$M,3,FALSE) -> customer1397@example.com | D6: =VLOOKUP($A6,'ecommerce-order (1)'!$A:$M,4,FALSE) -> Ireland | E6: =VLOOKUP($A6,'ecommerce-order (1)'!$A:$M,5,FALSE) -> email | F6: =VLOOKUP($A6,'ecommerce-order (1)'!$A:$M,6,FALSE) -> FR-8890 | G6: =VLOOKUP($A6,'ecommerce-order (1)'!$A:$M,7,FALSE) -> Summit Down Gilet | H6: =VLOOKUP($A6,'ecommerce-order (1)'!$A:$M,8,FALSE) -> 1 | I6: =VLOOKUP($A6,'ecommerce-order (1)'!$A:$M,9,FALSE) -> 21.6 | J6: =VLOOKUP($A6,'ecommerce-order (1)'!$A:$M,10,FALSE) -> 21.6 | K6: =VLOOKUP($A6,'ecommerce-order (1)'!$A:$M,11,FALSE) -> 0.38 | L6: =VLOOKUP($A6,'ecommerce-order (1)'!$A:$M,12,FALSE) -> GBP | M6: =VLOOKUP($A6,'ecommerce-order (1)'!$A:$M,13,FALSE) -> completed | N6: =IF(ISNA(VLOOKUP(A6,'ecommerce-order (1)'!A:A,1,FALSE)),"KEEEP","REMOVE") -> REMOVE
A7: ORD-101788 | B7: =VLOOKUP(A7,'ecommerce-order (1)'!$A:$M,2,FALSE) -> 14-03-2026 | C7: =VLOOKUP($A7,'ecommerce-order (1)'!$A:$M,3,FALSE) -> customer0775@example.com | D7: =VLOOKUP($A7,'ecommerce-order (1)'!$A:$M,4,FALSE) -> GB | E7: =VLOOKUP($A7,'ecommerce-order (1)'!$A:$M,5,FALSE) -> organic | F7: =VLOOKUP($A7,'ecommerce-order (1)'!$A:$M,6,FALSE) -> FR-1120 | G7: =VLOOKUP($A7,'ecommerce-order (1)'!$A:$M,7,FALSE) -> Fell Runner Cap | H7: =VLOOKUP($A7,'ecommerce-order (1)'!$A:$M,8,FALSE) -> 1 | I7: =VLOOKUP($A7,'ecommerce-order (1)'!$A:$M,9,FALSE) -> 45 | J7: =VLOOKUP($A7,'ecommerce-order (1)'!$A:$M,10,FALSE) -> 45 | K7: =VLOOKUP($A7,'ecommerce-order (1)'!$A:$M,11,FALSE) -> 85 | L7: =VLOOKUP($A7,'ecommerce-order (1)'!$A:$M,12,FALSE) -> GBP | M7: =VLOOKUP($A7,'ecommerce-order (1)'!$A:$M,13,FALSE) -> completed | N7: =IF(ISNA(VLOOKUP(A7,'ecommerce-order (1)'!A:A,1,FALSE)),"KEEEP","REMOVE") -> REMOVE
A8: ORD-102657 | B8: =VLOOKUP(A8,'ecommerce-order (1)'!$A:$M,2,FALSE) -> 25-04-2026 | C8: =VLOOKUP($A8,'ecommerce-order (1)'!$A:$M,3,FALSE) -> customer1328@example.com | D8: =VLOOKUP($A8,'ecommerce-order (1)'!$A:$M,4,FALSE) -> GB | E8: =VLOOKUP($A8,'ecommerce-order (1)'!$A:$M,5,FALSE) -> social | F8: =VLOOKUP($A8,'ecommerce-order (1)'!$A:$M,6,FALSE) -> FR-1120 | G8: =VLOOKUP($A8,'ecommerce-order (1)'!$A:$M,7,FALSE) -> Fell Runner Cap | H8: =VLOOKUP($A8,'ecommerce-order (1)'!$A:$M,8,FALSE) -> 3 | I8: =VLOOKUP($A8,'ecommerce-order (1)'!$A:$M,9,FALSE) -> 85.5 | J8: =VLOOKUP($A8,'ecommerce-order (1)'!$A:$M,10,FALSE) -> 256.5 | K8: =VLOOKUP($A8,'ecommerce-order (1)'!$A:$M,11,FALSE) -> 0.085 | L8: =VLOOKUP($A8,'ecommerce-order (1)'!$A:$M,12,FALSE) -> GBP | M8: =VLOOKUP($A8,'ecommerce-order (1)'!$A:$M,13,FALSE) -> refunded | N8: =IF(ISNA(VLOOKUP(A8,'ecommerce-order (1)'!A:A,1,FALSE)),"KEEEP","REMOVE") -> REMOVE
A9: ORD-102047 | B9: =VLOOKUP(A9,'ecommerce-order (1)'!$A:$M,2,FALSE) -> 20-05-2026 | C9: =VLOOKUP($A9,'ecommerce-order (1)'!$A:$M,3,FALSE) -> customer0760@example.com | D9: =VLOOKUP($A9,'ecommerce-order (1)'!$A:$M,4,FALSE) -> ireland | E9: =VLOOKUP($A9,'ecommerce-order (1)'!$A:$M,5,FALSE) -> organic | F9: =VLOOKUP($A9,'ecommerce-order (1)'!$A:$M,6,FALSE) -> FR-1120 | G9: =VLOOKUP($A9,'ecommerce-order (1)'!$A:$M,7,FALSE) -> Fell Runner Cap | H9: =VLOOKUP($A9,'ecommerce-order (1)'!$A:$M,8,FALSE) -> 2 | I9: =VLOOKUP($A9,'ecommerce-order (1)'!$A:$M,9,FALSE) -> 134.1 | J9: =VLOOKUP($A9,'ecommerce-order (1)'!$A:$M,10,FALSE) -> 268.2 | K9: =VLOOKUP($A9,'ecommerce-order (1)'!$A:$M,11,FALSE) -> 0.085 | L9: =VLOOKUP($A9,'ecommerce-order (1)'!$A:$M,12,FALSE) -> EUR | M9: =VLOOKUP($A9,'ecommerce-order (1)'!$A:$M,13,FALSE) -> refunded | N9: =IF(ISNA(VLOOKUP(A9,'ecommerce-order (1)'!A:A,1,FALSE)),"KEEEP","REMOVE") -> REMOVE
A10: ORD-102650 | B10: =VLOOKUP(A10,'ecommerce-order (1)'!$A:$M,2,FALSE) -> 02-04-2026 | C10: =VLOOKUP($A10,'ecommerce-order (1)'!$A:$M,3,FALSE) -> customer0013@example.com | D10: =VLOOKUP($A10,'ecommerce-order (1)'!$A:$M,4,FALSE) -> gb | E10: =VLOOKUP($A10,'ecommerce-order (1)'!$A:$M,5,FALSE) -> paid_search | F10: =VLOOKUP($A10,'ecommerce-order (1)'!$A:$M,6,FALSE) -> FR-5567 | G10: =VLOOKUP($A10,'ecommerce-order (1)'!$A:$M,7,FALSE) -> Merino Base Layer | H10: =VLOOKUP($A10,'ecommerce-order (1)'!$A:$M,8,FALSE) -> 1 | I10: =VLOOKUP($A10,'ecommerce-order (1)'!$A:$M,9,FALSE) -> 24 | J10: =VLOOKUP($A10,'ecommerce-order (1)'!$A:$M,10,FALSE) -> 24 | K10: =VLOOKUP($A10,'ecommerce-order (1)'!$A:$M,11,FALSE) -> 190 | L10: =VLOOKUP($A10,'ecommerce-order (1)'!$A:$M,12,FALSE) -> GBP | M10: =VLOOKUP($A10,'ecommerce-order (1)'!$A:$M,13,FALSE) -> completed | N10: =IF(ISNA(VLOOKUP(A10,'ecommerce-order (1)'!A:A,1,FALSE)),"KEEEP","REMOVE") -> REMOVE
A11: ORD-102734 | B11: =VLOOKUP(A11,'ecommerce-order (1)'!$A:$M,2,FALSE) -> 16-02-2026 | C11: =VLOOKUP($A11,'ecommerce-order (1)'!$A:$M,3,FALSE) -> customer0805@example.com | D11: =VLOOKUP($A11,'ecommerce-order (1)'!$A:$M,4,FALSE) -> UK | E11: =VLOOKUP($A11,'ecommerce-order (1)'!$A:$M,5,FALSE) -> paid_search | F11: =VLOOKUP($A11,'ecommerce-order (1)'!$A:$M,6,FALSE) -> FR-5567 | G11: =VLOOKUP($A11,'ecommerce-order (1)'!$A:$M,7,FALSE) -> Merino Base Layer | H11: =VLOOKUP($A11,'ecommerce-order (1)'!$A:$M,8,FALSE) -> 1 | I11: =VLOOKUP($A11,'ecommerce-order (1)'!$A:$M,9,FALSE) -> 95 | J11: =VLOOKUP($A11,'ecommerce-order (1)'!$A:$M,10,FALSE) -> 95 | K11: =VLOOKUP($A11,'ecommerce-order (1)'!$A:$M,11,FALSE) -> 190 | L11: =VLOOKUP($A11,'ecommerce-order (1)'!$A:$M,12,FALSE) -> EUR | M11: =VLOOKUP($A11,'ecommerce-order (1)'!$A:$M,13,FALSE) -> refunded | N11: =IF(ISNA(VLOOKUP(A11,'ecommerce-order (1)'!A:A,1,FALSE)),"KEEEP","REMOVE") -> REMOVE
A12: ORD-102012 | B12: =VLOOKUP(A12,'ecommerce-order (1)'!$A:$M,2,FALSE) -> 21-04-2026 | C12: =VLOOKUP($A12,'ecommerce-order (1)'!$A:$M,3,FALSE) -> customer0123@example.com | D12: =VLOOKUP($A12,'ecommerce-order (1)'!$A:$M,4,FALSE) -> UK | E12: =VLOOKUP($A12,'ecommerce-order (1)'!$A:$M,5,FALSE) -> email | F12: =VLOOKUP($A12,'ecommerce-order (1)'!$A:$M,6,FALSE) -> FR-7781 | G12: =VLOOKUP($A12,'ecommerce-order (1)'!$A:$M,7,FALSE) -> Storm Overtrousers | H12: =VLOOKUP($A12,'ecommerce-order (1)'!$A:$M,8,FALSE) -> 1 | I12: =VLOOKUP($A12,'ecommerce-order (1)'!$A:$M,9,FALSE) -> 45 | J12: =VLOOKUP($A12,'ecommerce-order (1)'!$A:$M,10,FALSE) -> 45 | K12: =VLOOKUP($A12,'ecommerce-order (1)'!$A:$M,11,FALSE) -> 0.41 | L12: =VLOOKUP($A12,'ecommerce-order (1)'!$A:$M,12,FALSE) -> GBP | M12: =VLOOKUP($A12,'ecommerce-order (1)'!$A:$M,13,FALSE) -> completed | N12: =IF(ISNA(VLOOKUP(A12,'ecommerce-order (1)'!A:A,1,FALSE)),"KEEEP","REMOVE") -> REMOVE
A13: ORD-102152 | B13: =VLOOKUP(A13,'ecommerce-order (1)'!$A:$M,2,FALSE) -> 01-07-2026 | C13: =VLOOKUP($A13,'ecommerce-order (1)'!$A:$M,3,FALSE) -> customer0956@example.com | D13: =VLOOKUP($A13,'ecommerce-order (1)'!$A:$M,4,FALSE) -> Ireland | E13: =VLOOKUP($A13,'ecommerce-order (1)'!$A:$M,5,FALSE) -> email | F13: =VLOOKUP($A13,'ecommerce-order (1)'!$A:$M,6,FALSE) -> FR-7781 | G13: =VLOOKUP($A13,'ecommerce-order (1)'!$A:$M,7,FALSE) -> Storm Overtrousers | H13: =VLOOKUP($A13,'ecommerce-order (1)'!$A:$M,8,FALSE) -> 1 | I13: =VLOOKUP($A13,'ecommerce-order (1)'!$A:$M,9,FALSE) -> 129 | J13: =VLOOKUP($A13,'ecommerce-order (1)'!$A:$M,10,FALSE) -> 129 | K13: =VLOOKUP($A13,'ecommerce-order (1)'!$A:$M,11,FALSE) -> 410 | L13: =VLOOKUP($A13,'ecommerce-order (1)'!$A:$M,12,FALSE) -> GBP | M13: =VLOOKUP($A13,'ecommerce-order (1)'!$A:$M,13,FALSE) -> completed | N13: =IF(ISNA(VLOOKUP(A13,'ecommerce-order (1)'!A:A,1,FALSE)),"KEEEP","REMOVE") -> REMOVE
... A203: ORD-102012 | B203: =VLOOKUP(A203,'ecommerce-order (1)'!$A:$M,2,FALSE) -> 21-04-2026 | C203: =VLOOKUP($A203,'ecommerce-order (1)'!$A:$M,3,FALSE) -> customer0123@example.com | D203: =VLOOKUP($A203,'ecommerce-order (1)'!$A:$M,4,FALSE) -> UK | E203: =VLOOKUP($A203,'ecommerce-order (1)'!$A:$M,5,FALSE) -> email | F203: =VLOOKUP($A203,'ecommerce-order (1)'!$A:$M,6,FALSE) -> FR-7781 | G203: =VLOOKUP($A203,'ecommerce-order (1)'!$A:$M,7,FALSE) -> Storm Overtrousers | H203: =VLOOKUP($A203,'ecommerce-order (1)'!$A:$M,8,FALSE) -> 1 | I203: =VLOOKUP($A203,'ecommerce-order (1)'!$A:$M,9,FALSE) -> 45 | J203: =VLOOKUP($A203,'ecommerce-order (1)'!$A:$M,10,FALSE) -> 45 | K203: =VLOOKUP($A203,'ecommerce-order (1)'!$A:$M,11,FALSE) -> 0.41 | L203: =VLOOKUP($A203,'ecommerce-order (1)'!$A:$M,12,FALSE) -> GBP | M203: =VLOOKUP($A203,'ecommerce-order (1)'!$A:$M,13,FALSE) -> completed | N203: =IF(ISNA(VLOOKUP(A203,'ecommerce-order (1)'!A:A,1,FALSE)),"KEEEP","REMOVE") -> REMOVE
