Workbook

Sheet Sheet1
A1: Company | B1: Year | C1: Sales | E1: 1. Calculate netprofit in years 2015-2022 at a company level for each year
A2: A | B2: 2000 | C2: 104 | E2: 2. Calculate sales growth(%) in year 2022 over year 2021 at a company level
A3: B | B3: 2000 | C3: 150 | E3: 3. Over the last 22 years, what % of total sales (A+B) has come from company A
A4: A | B4: 2001 | C4: 154
A5: B | B5: 2001 | C5: 198
A6: A | B6: 2002 | C6: 193
A7: B | B7: 2002 | C7: 124
A8: A | B8: 2003 | C8: 111
A9: B | B9: 2003 | C9: 152
A10: A | B10: 2004 | C10: 135
A11: B | B11: 2004 | C11: 131
A12: A | B12: 2005 | C12: 186
A13: B | B13: 2005 | C13: 132
A14: A | B14: 2006 | C14: 144
A15: B | B15: 2006 | C15: 164
... A47: B | B47: 2022 | C47: 190

Sheet Sheet2
A1: Company | B1: Year | C1: Expense
A2: A | B2: 2000 | C2: 4
A3: B | B3: 2000 | C3: 35
A4: A | B4: 2001 | C4: 30
A5: B | B5: 2001 | C5: 25
A6: A | B6: 2002 | C6: 10
A7: B | B7: 2002 | C7: 20
A8: A | B8: 2003 | C8: 50
A9: B | B9: 2003 | C9: 24
A10: B | B10: 2004 | C10: 36
A11: A | B11: 2004 | C11: 4
A12: A | B12: 2004 | C12: 12
A13: B | B13: 2005 | C13: 12
... A49: A | B49: 2022 | C49: 7

Sheet q1 answer 
A3: company level each year | B3: Sum of net profit
A4: A | B4: 1079
A5: 2015 | B5: 226
A6: 2017 | B6: 107
A7: 2018 | B7: 178
A8: 2019 | B8: 193
A9: 2020 | B9: 98
A10: 2021 | B10: 127
A11: 2022 | B11: 150
A12: B | B12: 910
A13: 2016 | B13: 126
A14: 2017 | B14: 59
A15: 2018 | B15: 155
A16: 2019 | B16: 169
A17: 2020 | B17: 132
A18: 2021 | B18: 104
A19: 2022 | B19: 165
A20: Grand Total | B20: 1989

Sheet answers 
A1: Company | B1: Year | C1: sales | D1: expenses | E1: net profit | I1: Q3
A2: A | B2: 2000 | C2: =VLOOKUP(A2,Sheet1!A1:C47,3,FALSE) -> 104 | D2: =VLOOKUP(A2,Sheet2!A1:C49,3,FALSE) -> 4 | E2: =C2-D2 -> 100
A3: B | B3: 2000 | C3: =VLOOKUP(A3,Sheet1!A2:C48,3,FALSE) -> 150 | D3: =VLOOKUP(A3,Sheet2!A2:C50,3,FALSE) -> 35 | E3: =C3-D3 -> 115 | F3: Q2 | I3: Company A
A4: A | B4: 2001 | C4: =VLOOKUP(A4,Sheet1!A3:C49,3,FALSE) -> 154 | D4: =VLOOKUP(A4,Sheet2!A3:C51,3,FALSE) -> 30 | E4: =C4-D4 -> 124 | F4: A | G4: =(SUMIFS($C:$C,$A:$A,"A",$B:$B,2022)-SUMIFS($C:$C,$A:$A,"A",$B:$B,2021))/SUMIFS($C:$C,$A:$A,"A",$B:$B,2021) -> -0.047619048 | I4: =SUMIF(A:A,"A",C:C) -> 3351
A5: B | B5: 2001 | C5: =VLOOKUP(A5,Sheet1!A4:C50,3,FALSE) -> 198 | D5: =VLOOKUP(A5,Sheet2!A4:C52,3,FALSE) -> 25 | E5: =C5-D5 -> 173 | F5: B | G5: =(SUMIFS($C:$C,$A:$A,"B",$B:$B,2022)-SUMIFS($C:$C,$A:$A,"B",$B:$B,2021))/SUMIFS($C:$C,$A:$A,"B",$B:$B,2021) -> 0.72727273 | I5: total sales for both companies
A6: A | B6: 2002 | C6: =VLOOKUP(A6,Sheet1!A5:C51,3,FALSE) -> 193 | D6: =VLOOKUP(A6,Sheet2!A5:C53,3,FALSE) -> 10 | E6: =C6-D6 -> 183 | I6: =SUM(C:C) -> 6666
A7: B | B7: 2002 | C7: =VLOOKUP(A7,Sheet1!A6:C52,3,FALSE) -> 124 | D7: =VLOOKUP(A7,Sheet2!A6:C54,3,FALSE) -> 20 | E7: =C7-D7 -> 104 | I7: Contribution of A
A8: A | B8: 2003 | C8: =VLOOKUP(A8,Sheet1!A7:C53,3,FALSE) -> 111 | D8: =VLOOKUP(A8,Sheet2!A7:C55,3,FALSE) -> 50 | E8: =C8-D8 -> 61 | I8: =SUMIF(A:A,"A",C:C)/SUM(C:C) -> 0.50270027
A9: B | B9: 2003 | C9: =VLOOKUP(A9,Sheet1!A8:C54,3,FALSE) -> 152 | D9: =VLOOKUP(A9,Sheet2!A8:C56,3,FALSE) -> 24 | E9: =C9-D9 -> 128
A10: A | B10: 2004 | C10: =VLOOKUP(A10,Sheet1!A9:C55,3,FALSE) -> 135 | D10: =VLOOKUP(A10,Sheet2!A9:C57,3,FALSE) -> 4 | E10: =C10-D10 -> 131
A11: B | B11: 2004 | C11: =VLOOKUP(A11,Sheet1!A10:C56,3,FALSE) -> 131 | D11: =VLOOKUP(A11,Sheet2!A10:C58,3,FALSE) -> 36 | E11: =C11-D11 -> 95
A12: A | B12: 2005 | C12: =VLOOKUP(A12,Sheet1!A11:C57,3,FALSE) -> 186 | D12: =VLOOKUP(A12,Sheet2!A11:C59,3,FALSE) -> 4 | E12: =C12-D12 -> 182
A13: B | B13: 2005 | C13: =VLOOKUP(A13,Sheet1!A12:C58,3,FALSE) -> 132 | D13: =VLOOKUP(A13,Sheet2!A12:C60,3,FALSE) -> 12 | E13: =C13-D13 -> 120
A14: A | B14: 2006 | C14: =VLOOKUP(A14,Sheet1!A13:C59,3,FALSE) -> 144 | D14: =VLOOKUP(A14,Sheet2!A13:C61,3,FALSE) -> 21 | E14: =C14-D14 -> 123
A15: B | B15: 2006 | C15: =VLOOKUP(A15,Sheet1!A14:C60,3,FALSE) -> 164 | D15: =VLOOKUP(A15,Sheet2!A14:C62,3,FALSE) -> 30 | E15: =C15-D15 -> 134
A16: A | B16: 2007 | C16: =VLOOKUP(A16,Sheet1!A15:C61,3,FALSE) -> 184 | D16: =VLOOKUP(A16,Sheet2!A15:C63,3,FALSE) -> 45 | E16: =C16-D16 -> 139
A17: B | B17: 2007 | C17: =VLOOKUP(A17,Sheet1!A16:C62,3,FALSE) -> 169 | D17: =VLOOKUP(A17,Sheet2!A16:C64,3,FALSE) -> 6 | E17: =C17-D17 -> 163
A18: A | B18: 2008 | C18: =VLOOKUP(A18,Sheet1!A17:C63,3,FALSE) -> 150 | D18: =VLOOKUP(A18,Sheet2!A17:C65,3,FALSE) -> 45 | E18: =C18-D18 -> 105
A19: B | B19: 2008 | C19: =VLOOKUP(A19,Sheet1!A18:C64,3,FALSE) -> 141 | D19: =VLOOKUP(A19,Sheet2!A18:C66,3,FALSE) -> 14 | E19: =C19-D19 -> 127
A20: A | B20: 2009 | C20: =VLOOKUP(A20,Sheet1!A19:C65,3,FALSE) -> 130 | D20: =VLOOKUP(A20,Sheet2!A19:C67,3,FALSE) -> 21 | E20: =C20-D20 -> 109
... A47: B | B47: 2022 | C47: =VLOOKUP(A47,Sheet1!A46:C92,3,FALSE) -> 190 | D47: =VLOOKUP(A47,Sheet2!A46:C94,3,FALSE) -> 25 | E47: =C47-D47 -> 165
